Folder,Target,Date,Tokens,Provenance,Vendor,Confidence,Basis,In_Calibration_Scope
ADAM10_20260403_Renamed,ADAM10,20260403,,Purchased,Enzo,High,notebook-date-rule,True
ADAM10_20260407_Renamed,ADAM10,20260407,,Purchased,Enzo,High,notebook-date-rule,True
ADAM10_20260509_Sam-FLAG_Renamed,ADAM10,20260509,Sam,In-house,Sam,High,folder-token,False
ADAM10_20260610_AbC_G_Renamed,ADAM10,20260610,AbC_G,Purchased,Abcam,High,folder-token,True
ADAM10_20260610_AbC_R_Renamed,ADAM10,20260610,AbC_R,Purchased,Abcam,High,folder-token,True
ADAM10_20260610_F6_G_Renamed,ADAM10,20260610,F6_G,In-house,FPLC-fraction,High,folder-token,False
ADAM10_20260610_F6_R_Renamed,ADAM10,20260610,F6_R,In-house,FPLC-fraction,High,folder-token,False
ADAM10_20260610_F9_G_Renamed,ADAM10,20260610,F9_G,In-house,FPLC-fraction,High,folder-token,False
ADAM10_20260610_F9_R_Renamed,ADAM10,20260610,F9_R,In-house,FPLC-fraction,High,folder-token,False
ADAM10_20260701_Abcam_Renamed,ADAM10,20260701,Abcam,Purchased,Abcam,High,folder-token,True
ADAM10_20260701_Abcam_T1_Renamed,ADAM10,20260701,Abcam_T1,Purchased,Abcam,High,folder-token,True
ADAM10_20260701_Abcam_T2_Renamed,ADAM10,20260701,Abcam_T2,Purchased,Abcam,High,folder-token,True
ADAM17_20260403_Renamed,ADAM17,20260403,,Purchased,Enzo,Medium,notebook-date-rule,True
ADAM17_20260407_Renamed,ADAM17,20260407,,Purchased,Enzo,Medium,notebook-date-rule,True
ADAM17_20260416_Renamed,ADAM17,20260416,,Purchased,Enzo,Medium,notebook-date-rule,True
ADAM17_20260509_Enzo_Renamed,ADAM17,20260509,Enzo,Purchased,Enzo,High,folder-token,True
ADAM17_20260509_Sam_Renamed,ADAM17,20260509,Sam,In-house,Sam,High,folder-token,False
ADAM17_20260509_SinoThaw_Renamed,ADAM17,20260509,SinoThaw,Purchased,Sino,High,folder-token,True
ADAM17_20260509_Sino_Renamed,ADAM17,20260509,Sino,Purchased,Sino,High,folder-token,True
ADAM17_20260610_Sino_R_Renamed,ADAM17,20260610,Sino_R,Purchased,Sino,High,folder-token,True
MMP2_20260424_A_Renamed,MMP2,20260424,A,Purchased,Enzo,High,RG-confirmed override,True
MMP2_20260424_B_Renamed,MMP2,20260424,B,Purchased,Enzo,High,RG-confirmed override,True
MMP2_20260509_Arly-FLAG_Renamed,MMP2,20260509,Arly,In-house,Arly,High,folder-token,False
MMP2_20260509_Enzo_Renamed,MMP2,20260509,Enzo,Purchased,Enzo,High,folder-token,True
MMP2_20260509_SinoThaw_Renamed,MMP2,20260509,SinoThaw,Purchased,Sino,High,folder-token,True
MMP2_20260509_Sino_Renamed,MMP2,20260509,Sino,Purchased,Sino,High,folder-token,True
MMP2_20260701_Sino_Renamed,MMP2,20260701,Sino,Purchased,Sino,High,folder-token,True
MMP2_20260701_Sino_T1_Renamed,MMP2,20260701,Sino_T1,Purchased,Sino,High,folder-token,True
MMP2_20260701_Sino_T2_Renamed,MMP2,20260701,Sino_T2,Purchased,Sino,High,folder-token,True
MMP3_20260127_Renamed,MMP3,20260127,,In-house,Masoud,High,notebook-date-rule,False
MMP3_20260304_Renamed,MMP3,20260304,,In-house,Masoud,High,notebook-date-rule,False
MMP3_20260330_Renamed,MMP3,20260330,,In-house,Masoud,High,notebook-date-rule,False
MMP3_20260331_Renamed,MMP3,20260331,,In-house,Masoud,High,notebook-date-rule,False
MMP3_20260407_G_Renamed,MMP3,20260407,G,In-house,Masoud,High,notebook-date-rule,False
MMP3_20260407_Renamed,MMP3,20260407,,In-house,Masoud,High,notebook-date-rule,False
MMP3_20260416_Renamed,MMP3,20260416,,In-house,Masoud,High,notebook-date-rule,False
MMP3_20260424_A_Renamed,MMP3,20260424,A,In-house,Masoud,High,notebook-date-rule,False
MMP3_20260424_B_Renamed,MMP3,20260424,B,In-house,Masoud,High,notebook-date-rule,False
MMP9_20260210_Renamed,MMP9,20260210,,In-house,Masoud,High,notebook-date-rule,False
MMP9_20260227_Renamed,MMP9,20260227,,In-house,Masoud,High,notebook-date-rule,False
MMP9_20260304_Renamed,MMP9,20260304,,In-house,Masoud,High,notebook-date-rule,False
MMP9_20260310_Renamed,MMP9,20260310,,In-house,Masoud,High,notebook-date-rule,False
MMP9_20260319_Renamed,MMP9,20260319,,In-house,Masoud,High,notebook-date-rule,False
MMP9_20260331_Renamed,MMP9,20260331,,In-house,Masoud,High,notebook-date-rule,False
MMP9_20260424_A_Renamed,MMP9,20260424,A,Purchased,Enzo,High,RG-confirmed override,True
MMP9_20260424_B_Renamed,MMP9,20260424,B,Purchased,Enzo,High,RG-confirmed override,True
MMP9_20260509_Enzo_Renamed,MMP9,20260509,Enzo,Purchased,Enzo,High,folder-token,True
MMP9_20260509_SinoThaw_Renamed,MMP9,20260509,SinoThaw,Purchased,Sino,High,folder-token,True
MMP9_20260509_Sino_Renamed,MMP9,20260509,Sino,Purchased,Sino,High,folder-token,True
MMP9_20260610_Mas_G_Renamed,MMP9,20260610,Mas_G,In-house,Masoud,High,folder-token,False
MMP9_20260610_Mas_R_Renamed,MMP9,20260610,Mas_R,In-house,Masoud,High,folder-token,False
MMP9_20260610_Sino_G_Renamed,MMP9,20260610,Sino_G,Purchased,Sino,High,folder-token,True
MMP9_20260610_Sino_R_Renamed,MMP9,20260610,Sino_R,Purchased,Sino,High,folder-token,True
MMP9_20260701_Masoud_Renamed,MMP9,20260701,Masoud,In-house,Masoud,High,folder-token,False
MMP9_20260701_Masoud_T1_Renamed,MMP9,20260701,Masoud_T1,In-house,Masoud,High,folder-token,False
MMP9_20260701_Masoud_T2_Renamed,MMP9,20260701,Masoud_T2,In-house,Masoud,High,folder-token,False
MMP9_20260701_Sino_Renamed,MMP9,20260701,Sino,Purchased,Sino,High,folder-token,True
MMP9_20260701_Sino_T1_Renamed,MMP9,20260701,Sino_T1,Purchased,Sino,High,folder-token,True
MMP9_20260701_Sino_T2_Renamed,MMP9,20260701,Sino_T2,Purchased,Sino,High,folder-token,True
