Variant,Number,Category,Expectation
Var_AB_LOOP-DGPTGE,1,AB,M9>M2
Var_AB_LOOP-EVERSGHKVKE,2,AB,M9+
Var_AB_LOOP-KGPYGE,3,AB,High
Var_AB_LOOP-KNPDGTLT,4,AB,"A17+, A17>A10"
Var_AB_LOOP-PATPTSTRGAGGEE,5,AB,Low
Var_AB_LOOP-TDTFPTANWTGEV,6,AB,M9>M2
Var_AB_LOOP-TLPDGSKE,7,AB,"A17+, A17>A10"
,,,
Var_C_LOOP-ANPEYC,11,C,A17+
Var_C_LOOP-ASGPITVNGETIW,12,C,"M9+, M9>M2"
Var_C_LOOP-ASVEAVETGFS,13,C,Low
Var_C_LOOP-GGNYGSCK,14,C,A17>A10
Var_C_LOOP-LTQEELPDPNAVSPC,15,C,"M9+, M9>M2"
Var_C_LOOP-SVESLC,16,C,High
,,,
Var_ABC_LOOP-KGPYGE_SVESLC,21,AB/C,High 
Var_ABC_LOOP-KNPDGTLT_ANPEYC,22,AB/C,A17+
