Item,Size,Quantity ,CAT No.,Vendor , Unit Price ,Initial,Date Requested ,Status ,Order Date,GR #,Order # ,Expected Delivery Date,Tracking #,Storage,Comments ,Link,Received (initial/date),Stored
"Fisherbrand™ SureOne™ Beveled Pipette Tips, Universal Fit (1000 ?L)",Pack of 1000,1,02-707-400,Fisher Sci,$17.42 ,GH ,23-May-25,Received,11-Jul-25,,D51921698,,,,,,,
Fisherbrand™ Disposable Cuvettes,Case of 500,1,14-955-129,Fisher Sci,$122.36 ,GH,7-Jul-25,Received,11-Jul-25,,D51921698,,,,,,,
Fisherbrand™ Elite Pipette Kit,"Pack of 4 (0.2-2 ?L, 2-20 ?L, 20-200 ?L, 100-1000 ?L)",3,14-388-100,Fisher Sci,"$1,012.31 ",MRS,12-Aug-25,Received,18-Aug-25,,D52305462,,,,,,,
TACE substrate (fluorogenic),1 tube,1,BML-P132,Enzo,$179.00 ,MK,11-Aug-25,Back order,13-Aug-25,,2231170,,,,,https://www.enzo.com/product/tace-substrate-fluorogenic/,,
"Thermo Scientific™ Nalgene™ Rapid-Flow™ Sterile Disposable Bottle Top Filters with PES, CN, SFCA or Nylon Membranes (45 mm Neck)",Case of 12,2,09-741-07,Fisher Sci,$94.84 ,GH ,12-Aug-25,Received,18-Aug-25,,D52305462,,,,,,,
"Thermo Scientific™ Nalgene™ Rapid-Flow™ Sterile Disposable Bottle Top Filters with PES, CN, SFCA or Nylon Membranes (33 mm Neck)",Case of 12,2,09-741-06,Fisher Sci,$99.68 ,GH ,12-Aug-25,Received,18-Aug-25,,D52305462,,,,,,,
"Fisherbrand™ SureOne™ Beveled Pipette Tips, Universal Fit (1000 ?L)",Pack of 1000,4,02-707-400,Fisher Sci,$17.42 ,GH ,12-Aug-25,Received,18-Aug-25,,D52305462,,,,,,,
Basix™ Microcentrifuge Tubes with Standard Snap Caps (0.5 mL),Pack of 500,4,02-682-000,Fisher Sci,$14.68 ,GH,12-Aug-25,Received,18-Aug-25,,D52305462,,,,,,,
"BrandTech™ BRAND™ Pipet Tips, 2 to 200uL: Standard Retention",Pack of 1000,2,13-889-143,Fisher Sci,$23.59 ,GH,12-Aug-25,Received,18-Aug-25,,D52305462,,,,,,,
"6x-His Tag Monoclonal Antibody (4E3D10H2/E3), Alexa Fluor™ 647",50 µL,1,MA1135A647,Thermo Fisher,$402.00 ,GH ,12-Aug-25,Sent to Dr. MRS,,,,,,,,,,
"Falcon™ Disposable Polystyrene Serological Pipets, Sterile (10 mL)",Case of 200,1,13-675-20,Fisher Sci,$48.92 ,GH,12-Aug-25,Received,18-Aug-25,,D52305462,,,,,,,
"Falcon™ Disposable Polystyrene Serological Pipets, Sterile (50 mL)",Case of 200,1,13-675-27,Fisher Sci,$140.88 ,GH,12-Aug-25,Received,18-Aug-25,,D52305462,,,,,,,
Globe Scientific 1.5 mL microfuge tubes,Pack of 500,4,22-010-090,Fisher Sci,$19.31 ,GH,12-Aug-25,Received,18-Aug-25,,D52305462,,,,,,,
Thermo Scientific™ Titan3™ PTFE (Hydrophilic) Syringe Filters,Pack of 100,1,03-050-489,Fisher Sci,$295.89 ,GH,12-Aug-25,Received,18-Aug-25,,D52305462,,,,,,,
Globe Scientific Certified Microcentrifuge Tubes in Self-Standing Bags (Amber),Pack of 500,1,22-010-1207,Fisher Sci,$23.31 ,GH,12-Aug-25,Received,18-Aug-25,,D52305462,,,,,,,
"Thermo Scientific™ SnakeSkin™ Dialysis Tubing (16 mm I.D., 10 kDa, Dialysis Tubing)",1 roll,2,PI88243,Fisher Sci,$208.40 ,GH ,12-Aug-25,Received,18-Aug-25,,D52305462,,,,,,,
MilliporeSigma™ Amicon™ Ultra-4 Centrifugal Filter Units,Pack of 24,1,UFC801024,Fisher Sci,$168.96 ,GH,12-Aug-25,Received,18-Aug-25,,D52305462,,,,,,,
Fisherbrand™ Comfort Nitrile Gloves (Large),Case of 10,1,19-041-171D,Fisher Sci,$93.56 ,GH,12-Aug-25,Received,18-Aug-25,,D52305462,,,,,,,
Fisherbrand™ Disposable Cuvettes,Case of 500,1,14-955-129,Fisher Sci,$86.46 ,GH,12-Aug-25,Received,18-Aug-25,,D52305462,,,,,,,
"MilliporeSigma™ Tris Base, ULTROL™ Grade, Calbiochem™",1 kg,1,64-831-11KG,Fisher Sci,$166.38 ,LME,27-Aug-25,Received,15-Sep-25,,D52584299,,,,,,,
Alkaline protease solution,3 mL,1,A1441,Promega,$57.00 ,MK,27-Aug-25,Received,15-Sep-25,,4141579,,,,,https://www.promega.com/products/nucleic-acid-extraction/plasmid-purification/alkaline-protease-solution/?catNum=A1441,,
Corning™ Eagle's Minimum Essential Medium (MEM),6x 500 ml,1,MT10009CV,Fisher Sci,$188.80 ,ET,2-Sep-25,Received,15-Sep-25,,D52584299,,,,,https://ecatalog.corning.com/life-sciences/b2c/US/en/Media%2C-Sera%2C-and-Reagents/Classical-Media/Minimum-Essential-Medium/Corning%C2%AE-MEM-%28Minimum-Essential-Medium%29/p/10-009-CV,,
FreeStyle™ 293 Expression Medium,1 L,2,12-338-018,Fisher Sci,$195.55 ,ET,2-Sep-25,Received,15-Sep-25,,D52584299,,,,,,,
Corning® 125 mL Polycarbonate Erlenmeyer Flask with Vent Cap,Case of 50,1,07-200-670,Fisher Sci,$545.33 ,ET,2-Sep-25,Received,15-Sep-25,,D52584299,,,,,,,
Thermo Scientific™ CryoBoxes™,Case of 24,1,14-175-63,Fisher Sci,$388.45 ,GH/ET,2-Sep-25,Received,15-Sep-25,,D52584299,,,,,,,
Endothelial Cell Medium-rat,Complete kit ,1,1021,Sciencell,$151.00 ,ET,2-Sep-25,Received,10-Sep-25,,100013529,,,,,https://sciencellonline.com/en/endothelial-cell-medium-rat/,,
"Clorox 30966 Concentrated Regular Bleach, 121 Oz.",Pack of 2,1,,Amazon,$24.34 ,GH,2-Sep-25,Received,2-Sep-25,,,,,,,,,
"Amazon Basics 48-Pack AA Alkaline High-Performance Batteries, 1.5 Volt, 10-Year Shelf Life",Pack of 48,1,,Amazon,$13.41 ,GH,2-Sep-25,Received,2-Sep-25,,,,,,,,,
"Filters for Sheath, Detergent Solution and FACSClean bottles (3 pieces)",Pack of 3,2,660322,BD,$37.00 ,GH,2-Sep-35,Received,2-Sep-25,,5610539095,,,,,,,
"Sheath Filter, In-Line",1 filter,2,653148,BD,$55.00 ,GH,2-Sep-25,Received,2-Sep-25,,5610539095,,,,,,,
HisPur™ Ni-NTA Resin,100 mL,1,88222,Thermo Fisher,$961.00 ,GH,,Received,25-Sep-25,,14688236,,,,,,,
"6x-His Tag Monoclonal Antibody (HIS.H8), DyLight™ 680",50 µL,1,MA121315D680,Thermo Fisher,$294.00 ,GH,,Received,25-Sep-25,,14688236,,,4,,,,
Endotheial Cell Growth Medium 2 (ready to use),500 ml,1,C-22011/50-306-188,PromoCell/Fisher Sci,$254.14 ,SP,6-Sep-25,Received,15-Sep-25,,D52584299,,,,C-39216 SupplementMix already included in this ready to use ,https://promocell.com/us_en/endothelial-cell-growth-medium-2.html?sku=C-22011,,
"Falcon™ Disposable Polystyrene Serological Pipets, Sterile (10 mL)",Case of 200,1,13-675-20,Fisher Sci,,SP,8-Sep-25,Cancelled,,,,,,,,,,
Bel-Art™ Bench-Top Biohazard Bag Holder (Cover),Each of 1,2,11-394-303,Fisher Sci,$19.54 ,GH,9-Sep-25,Received,15-Sep-25,,D52584299,,,,,,,
Bel-Art™ Bench-Top Biohazard Bag Holder (Kit),Each of 1,2,11-394-310,Fisher Sci,$71.34 ,GH,9-Sep-25,Received,15-Sep-25,,D52584299,,,,,,,
"New England Biolabs, Inc. Quick-Load Purple 1 kb Plus DNA Ladder – 1.25 ml",1.25 mL,2,N0550S,Fisher Sci,$90.95 ,GH,9-Sep-25,Received,15-Sep-25,,D52584299,,,,,,,
Fisherbrand™ One-Hole Rubber Stoppers (size #7),Pack of 15,1,14-135L,Fisher Sci,$180.47 ,GH,9-Sep-25,Received,15-Sep-25,,D52584299,,,,,,,
Fisherbrand™ Screw Top Polypropylene Histology Containers with Lids (32 oz.),Case of 12,1,22-026-315,Fisher Sci,$45.73 ,MRS,12-Sep-25,Received,15-Sep-25,,D52584299,,,,,,,
Eagle™ Step-On Biohazard Waste Containers (14 gal.),Each of 1,1,18-880C,Fisher Sci,$120.54 ,MRS,12-Sep-25,Received,15-Sep-25,,D52584299,,,,,,,
Bovine Fibronectin,5 mg,1,F1141,Sigma,$781.00 ,ET,17-Sep-25,Received,18-Sep-25,,3036019699,,,,,https://www.sigmaaldrich.com/US/en/product/sigma/f1141?srsltid=AfmBOor57Qh056eGNKFVm2wsRVUVFUcucQ46UYvW-IK2YGtzVwZixJS9,,
"Fisherbrand™ SureOne™ Beveled Pipette Tips, Universal Fit (200 ?L)",Case of 5 PK (960/PK),1,02-707-420,Fisher Sci,$151.84 ,GH,23-Sep-25,Received,6-Oct-25,,D52796925,,,,,,,
Basix™ Polypropylene Conical Centrifuge Tubes (15 mL),Case of 500,1,14-955-237,Fisher Sci,$68.79 ,GH,23-Sep-25,Received,6-Oct-25,,D52796925,,,,,,,
"GenDEPOT ACRYLAMIDE:BIS 30%,29:1,495ML",495 mL,1,50-101-5460,Fisher Sci,$114.69 ,GH,23-Sep-25,Received,6-Oct-25,,D52796925,,,,,,,
Q5 polymerase NEB,100 units,1,M0491S,NEB,$133.00 ,GH,23-Sep-25,Received,,,7307096,,,,,,,
United Scientific™ Gas Lighter,1 each,5,S99453,Fisher Sci,$3.75 ,GH,23-Sep-25,Received,6-Oct-25,,D52796925,,,,,,,
Alexa Fluor™ 488 Cadaverine,1 mg,1,A30676,Thermo Fisher,$436.00 ,MRS,,Received,25-Sep-25,,14688236,,,-20,,,,
InVision™ His-Tag In-Gel Stain,500 mL,1,LC6030,Thermo Fisher,$626.00 ,MRS,,Received,25-Sep-25,,14688236,,,Cabinet,,,,
Anti-CD31 antibody [EPR17260-263],100 uL,1,ab222783,abcam,$400.00 ,SP,1-Oct-25,Cancelled,,,,,,,,,,
Goat Anti-Rabbit IgG H&L (Alexa Fluor® 488),500 ug,1,ab150077,abcam,$150.00 ,SP,1-Oct-25,Do not order yet,,,,,,,,,,
TN 760 Toner Cartriges Replacement for Brother,4 pk,1,,Amazon,$38.33 ,MK,2-Oct-25,Cancelled,,,7307096,,,,,,,
NEBuilder® HiFi DNA Assembly Master Mix,10 rxns,1,E2621S,NEB,$180.00 ,GH,3-Oct-25,Received,25-Oct-25,,,,,,,,,
CD31 Monoclonal Antibody,500 uL,1,MA5-13188,Thermo Fisher,$459.65 ,SP,8-Oct-25,Received,10-Oct-25,,14769227,,,,,https://www.thermofisher.com/antibody/product/CD31-Antibody-clone-JC-70A-Monoclonal/MA5-13188?imageId=739884,,
Wizard® Plus Megapreps DNA Purification System,5 preps,1,A7300,Promega,$422.00 ,SP,8-Oct-25,Received,10-Oct-25,,4162341,,,,,https://www.promega.com/products/nucleic-acid-extraction/plasmid-purification/wizard-plus-megapreps-dna-purification-system/?catNum=A7300,,
"Falcon™ Disposable Polystyrene Serological Pipets, Sterile (10 mL)",Case of 200,3,13-675-20,Fisher Sci,$48.92 ,GH,9-Oct-25,Received,10-Oct-25,,D52839430,,,,,,,
Corning™ Transwell™ Multiple Well Plate with Permeable Polyester Membrane Inserts,0.4 um,1,07-200-154,Fisher Sci,$301.73 ,ET,10-Oct-25,Received,10-Oct-25,,D52839430,,,,,https://www.fishersci.com/shop/products/costar-transwell-clear-polyester-membrane-inserts-for-24-well-plates-4/07200154#?keyword=corning%203470,,
"BN-LINK Short Period Repeat Cycle Intermittent Timer, Interval Timer - Day, Night, or 24 Hour Operation, Photocell Light Sensor Dusk to Dawn for Hydroponics Aquaponics Aeroponics",1,1,,Amazon,$26.49 ,GH,13-Oct-25,Received,13-Oct-25,,,,,,,,,
"Active Element Ethanol Alcohol 95%-Denatured Ethyl Alcohol-4 Gallon-High Purity-Multi-Use for Lab Use, Bio Ethanol Fuel, Ethanol Fireplace Fuel, Denatured Alcohol Solvent, Surface Cleaning and More",4 Gallons,1,,Amazon,$114.95 ,GH,13-Oct-25,Received,13-Oct-25,,,,,,,,,
Anaspec 390 MMP FRET Substrate 1,5 mg,1,AS-27077,Anaspec,$509.00 ,GH,20-Oct-25,Received,24-Oct-25,,U975Q268G0,,,,,,,
"c-Myc-tag Antibody, pAb, Rabbit",40 ug,1,A00172-40,GenScript,$102.00 ,MK,24-Oct-25,Received,24-Oct-25,,25403,,,,,https://www.genscript.com/antibody/A00172-c_Myc_tag_Antibody_pAb_Rabbit.html#tab_Overview,,
Endothelial Cell Growth Medium 2,500mL,1,C-22011 ,PromoCell/Fisher Sci,$186.00 ,SP,24-Oct-25,Cancelled,,,,,,,,https://promocell.com/us_en/endothelial-cell-growth-medium-2.html?sku=C-22011,,
NEB SOC Outgrowth Medium,100 mL,1,B9020S,NEB,$104.00 ,GH,25-Oct-25,Received,25-Oct-25,,7307096,,,,,,,
FreeStyle™ 293 Expression Medium,1L,1,12-338-018,Thermo Fisher,$170.00 ,SP,28-Oct-25,Received,,,,,,,Fisher Supply Center,https://www.thermofisher.com/order/catalog/product/12338018,,
Corning™ Matrigel™ Matrix,10 mL,1,CB-40234,Fisher Sci,$274.00 ,SP,10-Nov-25,Received,10-Nov-25,,,,,,,,,
Thermo Scientific™ Fiberboard Storage Boxes (Colored),Pack of 12,1,19-508-78,Fisher Sci,$75.77 ,SP,10-Nov-25,Received,10-Nov-25,,,,,,,,,
"Promocell GmbH PromoCell Endothelial Cell Growth Medium 2 500 ml, ready-to-use, low serum, with Supplement Mix C-39216 attached to the flask",500 mL,1,50-306-189,Fisher Sci,$243.66 ,SP,24-Oct-25,Received,10-Nov-25,,,,,,,,,
BL21 Star™ (DE3)pLysS One Shot™ Chemically Competent E. coli,21 x 50 uL,1,C602003,Thermo Fisher,$457.52 ,MRS,10-Nov-25,Received,25-Nov-25,,,,,,,https://www.thermofisher.com/order/catalog/product/C602003?SID=srch-srp-C602003,,
"Acetic Acid, Glacial (Certified ACS), Fisher Chemical",2.5L,1,A38SI-212,Fisher Sci,$135.28 ,SP,12-Nov-25,Received,,,,,,,,https://www.fishersci.com/shop/products/acetic-acid-glacial-certified-acs-fisher-chemical-1/A38SI212,,
"Methanol (HPLC), Fisher Chemical™",4L,1,A452SK-4,Fisher Sci,$62.35 ,SP,12-Nov-25,Received,,,,,,,,https://www.fishersci.com/shop/products/methanol-hplc-fisher-chemical-9/A452SK4?crossRef=a452sk4#?keyword=a452sk4,,
"D-(-)-Arabinose, 99%",50g,1,A10357.18,Thermo Fisher,$111.00 ,MK,14-Nov-25,Received,,,,,,,,https://www.thermofisher.com/order/catalog/product/A10357.18,,
Wizard® SV Gel and PCR Clean-Up System,50 preps,1,A9282,Promega,$128.00 ,MK,19-Nov-25,Received,25-Nov-25,,,,,,,https://www.promega.com/products/nucleic-acid-extraction/plasmid-purification/wizard-plus-sv-minipreps-dna-purification-systems/?catNum=A1330,,
BL21(DE3) Competent Cells,10 x 100uL,1,EC0114,Thermo Fisher,$166.00 ,GH,24-Nov-25,Cancelled,,,,,,,,,,
Fisher BioReagents™ Microbiology Media Additives: Tryptone,500 g,1,BP1421-500,Fisher Sci,$151.38 ,MK,3-Dec-25,Received,,,,,,,,,,
NEBuilder® HiFi DNA Assembly Master Mix,10 rxns,1,E2621S,NEB,$180.00 ,GH,10-Dec-25,Received,10-Dec-25,,7313542,,,,,,,
NEB® 10-beta Competent E. coli (High Efficiency),6 x 0.2 mL,1,C3019I,NEB,$207.00 ,GH,10-Dec-25,Received,10-Dec-25,,7313542,,,,,,,
Pierce™ Unstained Protein MW Marker,2 x 1mL,1,26610,Thermo Fisher,$96.00 ,IA,12-Dec-25,Do not order yet,,,,,,,,https://www.thermofisher.com/order/catalog/product/26610?SID=srch-srp-26610,,
"Thermo Scientific™ Nalgene™ Rapid-Flow™ Sterile Disposable Bottle Top Filters with PES, CN, SFCA or Nylon Membranes","33 mm, 500mL, x12",1,09-741-06 ,Fisher Sci,$99.68 ,IA,11-Dec-25,Received,12-Dec-25,,,,,,,https://www.fishersci.com/shop/products/nalgene-rapid-flow-sterile-disposable-bottle-top-filters-pes-membrane/0974106,,
"Pure Ponta Weigh Boats Medium - 125 Pack 100 ml Plastic Disposable Trays for Scale, Square Weighing Dishes for Powder Weight, Epoxy, Food Samples - Pour Boat Tray, Anti-Static Lab Dish Container",Pack of 125,2,,Amazon,$15.89 ,GH,15-Dec-25,Received,,,,,,,,,,
"Cole-Parmer 81 PLACE CELL DIVIDER DOZEN (4-7/8"" X 4-7/8"" X 1-5/16"")",Pack of 12,1,NC0874396,Fisher Sci,$32.90 ,GH ,15-Dec-25,Received,29-Dec-25,,,,,,,,,
Promega Wizard™ Plus SV Minipreps DNA Purification System,250 preps,1,PR-A1460,Fisher Sci,$455.57 ,RG,24-Dec-25,Received,29-Dec-25,,,,,,,,,
Fisherbrand™ Electroporation Cuvettes Plus™,400 uL x 2mm,1,FB102,Fisher Sci,$184.31 ,RG,24-Dec-25,Received,29-Dec-25,,,,,,,,,
"Nalgene™ General Long-Term Storage Cryogenic Tubes, sterile, 2.0mL, ext. thread, conical bottom",Case of 500,1,5000-0020,Thermo Fisher,$378.00 ,RG,24-Dec-25,Do not order yet,,,,,,,,,,
"Pierce™ Disposable Columns, 10 mL",100,1,29924,Thermo Fisher,$349.00 ,MK,24-Dec-25,Received,29-Dec-25,,,,,,,,,
BD Detergent Solution Concentrate,1,1,660585,BD Bio,$86.00 ,MK,2-Jan-26,Do not order yet,,,,,,,,https://www.bdbiosciences.com/en-us/products/instruments/flow-cytometers/clinical-cell-analyzers/detergent-solution-concentrate.660585?tab=product_details,,
"Filters for Sheath, Detergent Solution and FACSClean bottles (3 pieces)",3 pc,2,660322,BD Bio,$40.00 ,MK,2-Jan-26,Do not order yet,,,,,,,,https://www.bdbiosciences.com/en-us/products/instruments/flow-cytometers/research-cell-sorters/accuri-c6-plus/filters-for-sheath-detergent-solution-and-facsclean-bottles-3-pieces.660322?tab=product_details,,
"Sheath Filter, In-Line",1,1,653148,BD Bio,$55.00 ,MK,2-Jan-26,Do not order yet,,,,,,,,https://www.bdbiosciences.com/en-us/products/instruments/flow-cytometers/research-cell-sorters/accuri-c6-plus/sheath-filter-in-line.653148?tab=product_details,,
Peristaltic Pump Tubing (2 pieces),2 pc,2,659522,BD Bio,$227.65 ,MK,2-Jan-26,Do not order yet,,,,,,,,https://www.bdbiosciences.com/en-us/products/instruments/flow-cytometers/research-cell-analyzers/accuri-c6-plus/peristaltic-pump-tubing-2-pieces.659522?tab=product_details,,
